,user_id,gender,age,city,state,country,Sweater,Dress,T_shirt,Shirt,Tank_top,Jacket,Crop_top,Suit,Vest,Size,cluster
0,0,F,34,Seattle,WA,USA,2,8,0,10,3,1,1,0,0,2,51
1,1,M,30,Issaquah,WA,USA,1,0,8,10,2,2,1,3,2,2,243
2,2,F,45,Los Angeles,CA,USA,0,8,0,3,3,4,0,0,0,0,276
3,3,M,40,Bellevue,WA,USA,3,0,1,2,0,8,0,0,3,0,172
4,4,F,44,Bellevue,WA,USA,2,7,2,4,2,1,0,0,0,6,89
5,5,F,28,San Francisco,CA,USA,2,1,7,1,3,9,7,0,0,3,221
6,6,M,53,San Diego,CA,USA,0,1,0,0,0,0,0,0,0,3,100
7,7,M,21,Seattle,WA,USA,2,0,7,2,0,9,0,2,1,3,254
8,8,M,40,Kent,WA,USA,3,0,2,1,0,6,0,6,3,3,15
9,9,F,32,Irvine,CA,USA,1,1,5,7,4,5,5,0,0,6,241
10,10,M,36,Bellevue,WA,USA,0,0,5,5,1,3,0,8,1,6,287
11,11,F,50,Los Angeles,CA,USA,0,0,0,0,0,0,0,8,0,6,12
12,12,F,42,Bellevue,WA,USA,1,1,0,0,3,3,0,0,0,4,140
13,13,M,44,Kent,WA,USA,0,0,3,7,0,5,0,5,4,4,174
14,14,M,41,Bellevue,WA,USA,2,0,2,1,0,1,0,0,2,4,237
15,15,M,56,Kent,WA,USA,0,0,0,0,0,0,0,0,0,4,141
16,16,M,27,Issaquah,WA,USA,3,0,7,2,0,6,1,7,3,4,93
17,17,M,31,Redmond,WA,USA,2,0,3,3,3,7,1,7,3,4,64
18,18,F,38,Kent,WA,USA,0,7,3,4,1,5,3,0,0,9,204
19,19,M,24,San Francisco,CA,USA,2,0,6,8,0,9,0,8,3,9,292
20,20,M,44,San Diego,CA,USA,5,0,1,0,0,2,0,6,2,9,187
21,21,M,31,Bellevue,WA,USA,1,0,6,1,1,1,0,2,0,9,270
22,22,F,49,Irvine,CA,USA,1,8,0,1,0,2,0,0,0,9,272
23,23,F,57,Seattle,WA,USA,0,8,0,0,0,0,0,0,0,6,44
24,24,F,57,Seattle,WA,USA,0,8,0,0,0,0,0,0,0,3,80
25,25,M,47,Bellevue,WA,USA,3,0,2,7,0,5,0,3,2,3,87
26,26,F,37,Redmond,WA,USA,2,0,7,4,2,9,3,0,0,8,13
27,27,F,53,Seattle,WA,USA,0,0,0,0,0,0,0,0,0,2,199
28,28,F,35,Bellevue,WA,USA,1,4,5,7,0,1,6,0,0,4,51
29,29,M,51,San Diego,CA,USA,0,4,0,0,0,0,0,0,0,4,81
30,30,M,52,Bellevue,WA,USA,0,4,0,0,0,0,0,0,0,4,188
31,31,F,47,Redmond,WA,USA,3,4,1,0,1,1,0,0,0,5,294
32,32,F,35,Issaquah,WA,USA,0,1,5,0,4,2,4,0,0,6,84
33,33,F,56,Kent,WA,USA,0,1,0,0,0,0,0,0,0,9,176
34,34,F,44,Redmond,WA,USA,3,2,0,2,2,0,0,0,0,5,89
35,35,F,23,Bellevue,WA,USA,3,5,0,1,2,10,0,0,0,5,103
36,36,F,52,San Diego,CA,USA,0,5,0,0,0,0,0,0,0,4,81
37,37,M,55,San Diego,CA,USA,0,5,0,0,0,0,0,0,0,4,250
38,38,M,40,San Francisco,CA,USA,4,0,2,8,0,4,0,1,1,4,128
39,39,M,41,Bellevue,WA,USA,5,0,0,0,0,4,0,9,1,4,237
40,40,M,43,Seattle,WA,USA,3,0,0,9,0,7,0,3,0,4,95
41,41,F,44,Irvine,CA,USA,3,7,0,4,1,4,0,0,0,8,279
42,42,F,23,San Francisco,CA,USA,1,10,0,4,4,3,1,0,0,9,159
43,43,M,31,Seattle,WA,USA,1,0,6,9,3,1,1,0,3,9,270
44,44,M,29,Irvine,CA,USA,0,0,6,3,2,6,0,10,1,9,251
45,45,F,20,Los Angeles,CA,USA,2,5,7,0,1,6,4,0,0,0,191
46,46,M,48,Seattle,WA,USA,3,0,1,1,0,9,0,7,0,0,37
47,47,F,61,Seattle,WA,USA,1,3,0,0,0,1,0,0,0,9,190
48,48,M,40,Los Angeles,CA,USA,3,0,1,0,0,4,0,2,3,9,202
49,49,F,24,San Francisco,CA,USA,1,6,3,3,2,5,0,0,0,8,159
50,50,M,31,Kent,WA,USA,1,0,6,8,2,5,0,4,2,8,270
51,51,F,40,Seattle,WA,USA,1,4,2,0,2,4,0,0,0,6,79
52,52,M,43,San Jose,CA,USA,3,0,0,4,0,2,0,1,1,6,197
53,53,F,25,San Francisco,CA,USA,0,6,5,3,2,7,4,0,0,0,167
54,54,F,44,Seattle,WA,USA,2,5,0,5,0,4,0,0,0,4,95
55,55,F,54,San Francisco,CA,USA,0,5,0,0,0,0,0,0,0,8,177
56,56,M,46,Issaquah,WA,USA,4,0,2,8,0,9,0,0,4,8,17
57,57,M,44,Seattle,WA,USA,4,0,2,8,0,4,0,6,4,8,99
58,58,M,51,San Francisco,CA,USA,0,0,0,0,0,0,0,6,0,8,86
59,59,M,22,Seattle,WA,USA,1,0,6,1,3,3,1,2,0,8,203
60,60,F,53,Kent,WA,USA,0,0,0,0,0,0,0,2,0,9,124
61,61,M,23,Redmond,WA,USA,2,0,5,1,0,7,1,8,0,9,203
62,62,M,43,Seattle,WA,USA,1,0,2,0,0,8,0,8,4,9,99
63,63,F,21,Bellevue,WA,USA,3,7,1,5,4,1,3,0,0,4,164
64,64,F,21,San Jose,CA,USA,2,3,7,6,4,2,7,0,0,6,78
65,65,F,59,San Jose,CA,USA,0,3,0,0,0,0,0,0,0,7,22
66,66,F,60,San Francisco,CA,USA,0,7,0,1,0,2,0,0,0,4,212
67,67,F,22,San Jose,CA,USA,2,0,1,3,0,2,6,0,0,1,191
68,68,F,27,Los Angeles,CA,USA,2,8,6,7,1,3,0,0,0,7,111
69,69,M,43,Redmond,WA,USA,5,0,3,7,0,5,0,5,4,7,38
70,70,M,60,San Francisco,CA,USA,2,0,0,2,0,0,0,7,4,7,284
71,71,F,20,Kent,WA,USA,1,5,5,8,2,6,0,0,0,1,63
72,72,F,54,Redmond,WA,USA,0,5,0,0,0,0,0,0,0,4,96
73,73,M,64,San Jose,CA,USA,2,0,1,2,0,1,0,10,2,4,173
74,74,M,30,Redmond,WA,USA,1,0,3,3,3,3,1,0,0,4,64
75,75,M,52,Issaquah,WA,USA,0,0,0,0,0,0,0,0,0,4,188
76,76,F,67,Kent,WA,USA,3,6,0,0,0,2,0,0,0,5,209
77,77,F,49,Seattle,WA,USA,1,8,0,5,3,1,0,0,0,0,239
78,78,F,64,Seattle,WA,USA,3,6,0,1,0,2,0,0,0,0,24
79,79,M,40,Redmond,WA,USA,3,0,2,2,0,8,0,9,3,0,149
80,80,M,43,Seattle,WA,USA,0,0,3,4,0,0,0,7,1,0,116
81,81,F,38,Irvine,CA,USA,2,6,7,8,0,8,3,0,0,9,210
82,82,M,46,San Diego,CA,USA,5,0,1,6,0,1,0,3,0,9,67
83,83,M,41,Seattle,WA,USA,3,0,3,8,0,1,0,7,0,9,114
84,84,M,22,San Francisco,CA,USA,2,0,1,8,0,7,0,10,2,9,39
85,85,F,39,San Jose,CA,USA,3,4,6,8,4,0,7,0,0,0,47
86,86,M,26,Seattle,WA,USA,0,0,2,3,1,2,1,6,0,0,21
87,87,F,57,Redmond,WA,USA,0,0,0,0,0,0,0,6,0,6,44
88,88,F,60,Los Angeles,CA,USA,2,0,0,1,0,1,0,0,0,5,134
89,89,M,34,Irvine,CA,USA,0,0,7,6,3,2,0,9,3,5,135
90,90,F,24,Bellevue,WA,USA,1,5,5,9,2,2,5,0,0,7,121
91,91,F,67,San Diego,CA,USA,1,6,0,1,0,2,0,0,0,1,52
92,92,M,29,Kent,WA,USA,0,0,7,7,3,2,0,7,3,1,54
93,93,M,67,Irvine,CA,USA,0,0,0,0,0,0,0,6,3,1,7
94,94,F,29,Irvine,CA,USA,0,6,4,6,3,6,4,0,0,7,131
95,95,F,61,San Francisco,CA,USA,0,0,0,2,0,2,0,0,0,5,212
96,96,F,24,Issaquah,WA,USA,1,9,5,4,2,0,7,0,0,4,154
97,97,F,51,Redmond,WA,USA,0,9,0,0,0,0,0,0,0,6,130
98,98,F,51,San Francisco,CA,USA,0,9,0,0,0,0,0,0,0,1,223
99,99,F,60,San Jose,CA,USA,1,1,0,2,0,1,0,0,0,3,9
100,100,F,48,Issaquah,WA,USA,2,2,1,1,1,4,0,0,0,7,69
101,101,M,56,Seattle,WA,USA,0,2,0,0,0,0,0,0,0,7,129
102,102,F,49,Seattle,WA,USA,1,4,0,4,2,4,0,0,0,2,220
103,103,M,51,Seattle,WA,USA,0,4,0,0,0,0,0,0,0,2,56
104,104,F,39,Seattle,WA,USA,0,3,4,10,1,1,2,0,0,7,79
105,105,M,31,San Jose,CA,USA,2,0,4,9,2,3,0,5,0,7,122
106,106,F,30,Kent,WA,USA,0,4,7,0,4,6,4,0,0,8,90
107,107,F,46,Irvine,CA,USA,0,4,1,0,2,4,0,0,0,5,49
108,108,F,67,Los Angeles,CA,USA,1,7,0,0,0,1,0,0,0,5,222
109,109,M,20,Seattle,WA,USA,2,0,3,9,3,0,1,10,0,5,205
110,110,F,58,Irvine,CA,USA,0,0,0,0,0,0,0,10,0,9,98
111,111,F,34,Los Angeles,CA,USA,3,10,0,2,4,6,5,0,0,9,160
112,112,F,68,Irvine,CA,USA,1,0,0,0,0,1,0,0,0,1,52
113,113,F,20,Seattle,WA,USA,0,9,3,9,0,1,4,0,0,7,16
114,114,F,48,Issaquah,WA,USA,3,7,1,5,0,3,0,0,0,5,227
115,115,F,24,San Diego,CA,USA,0,7,5,9,0,3,2,0,0,4,154
116,116,F,29,Redmond,WA,USA,2,1,4,10,2,6,3,0,0,3,54
117,117,M,21,Redmond,WA,USA,1,0,6,9,0,5,1,2,2,3,254
118,118,M,54,San Jose,CA,USA,0,0,0,0,0,0,0,2,0,3,18
119,119,F,57,Los Angeles,CA,USA,0,0,0,0,0,0,0,2,0,2,200
120,120,M,40,Kent,WA,USA,1,0,3,6,0,6,0,3,0,2,15
121,121,F,66,San Francisco,CA,USA,0,6,0,2,0,2,0,0,0,5,32
122,122,M,59,San Diego,CA,USA,0,6,0,0,0,0,0,0,0,5,132
123,123,F,41,San Jose,CA,USA,3,4,2,1,3,0,0,0,0,5,61
124,124,F,44,Seattle,WA,USA,0,2,1,4,0,0,0,0,0,3,95
125,125,M,51,Bellevue,WA,USA,0,2,0,0,0,0,0,0,0,3,188
126,126,M,49,Seattle,WA,USA,4,0,0,2,0,0,0,0,2,3,220
127,127,M,59,Los Angeles,CA,USA,0,0,0,0,0,0,0,0,0,3,273
128,128,M,69,Irvine,CA,USA,2,0,1,0,0,2,0,3,4,3,27
129,129,F,55,Irvine,CA,USA,0,0,0,0,0,0,0,3,0,1,108
130,130,F,25,Redmond,WA,USA,0,7,7,6,1,0,7,0,0,7,231
131,131,F,42,Irvine,CA,USA,1,5,2,1,3,4,0,0,0,5,192
132,132,M,35,Redmond,WA,USA,3,0,3,4,3,4,0,9,0,5,162
133,133,M,36,Seattle,WA,USA,3,0,4,0,3,3,1,7,3,5,162
134,134,F,62,Seattle,WA,USA,1,3,0,0,0,2,0,0,0,2,117
135,135,F,21,Seattle,WA,USA,1,0,3,4,4,9,5,0,0,2,63
136,136,M,41,San Diego,CA,USA,1,0,1,4,0,1,0,4,1,2,35
137,137,M,45,Irvine,CA,USA,4,0,2,0,0,4,0,10,1,2,57
138,138,F,69,Kent,WA,USA,0,3,0,1,0,2,0,0,0,1,72
139,139,F,27,Irvine,CA,USA,0,0,0,8,4,2,4,0,0,7,215
140,140,M,20,Los Angeles,CA,USA,0,0,2,10,1,5,1,8,3,7,97
141,141,M,46,Irvine,CA,USA,3,0,1,1,0,1,0,10,0,7,182
142,142,F,60,Redmond,WA,USA,3,5,0,1,0,1,0,0,0,0,106
143,143,M,25,Kent,WA,USA,1,0,0,1,3,7,1,3,3,0,278
144,144,F,29,Issaquah,WA,USA,0,7,3,1,4,0,5,0,0,7,150
145,145,F,59,Bellevue,WA,USA,0,7,0,0,0,0,0,0,0,0,106
146,146,F,60,San Diego,CA,USA,1,3,0,0,0,2,0,0,0,4,132
147,147,F,26,San Jose,CA,USA,1,10,2,7,2,1,4,0,0,9,91
148,148,M,22,Seattle,WA,USA,3,0,5,7,1,2,0,1,0,9,203
149,149,M,42,Los Angeles,CA,USA,4,0,0,2,0,0,0,9,3,9,92
150,150,M,27,San Jose,CA,USA,3,0,1,9,3,4,1,1,3,9,91
151,151,F,38,Redmond,WA,USA,1,7,6,5,4,8,2,0,0,9,204
152,152,M,43,San Francisco,CA,USA,0,0,3,2,0,10,0,8,0,9,4
153,153,F,25,San Jose,CA,USA,2,1,5,0,3,3,1,0,0,6,41
154,154,M,35,San Jose,CA,USA,3,0,8,3,2,0,0,0,2,6,75
155,155,M,27,Los Angeles,CA,USA,3,0,5,8,3,2,0,6,1,6,60
156,156,F,60,San Diego,CA,USA,3,7,0,0,0,0,0,0,0,2,179
157,157,F,63,Kent,WA,USA,2,3,0,0,0,0,0,0,0,7,43
158,158,F,27,San Francisco,CA,USA,3,2,7,5,0,1,1,0,0,7,215
159,159,M,57,Bellevue,WA,USA,0,2,0,0,0,0,0,0,0,7,129
160,160,M,57,Kent,WA,USA,0,2,0,0,0,0,0,0,0,7,129
161,161,M,47,Issaquah,WA,USA,2,0,3,7,0,5,0,6,0,7,17
162,162,F,62,Bellevue,WA,USA,3,6,0,0,0,0,0,0,0,0,269
163,163,M,34,Issaquah,WA,USA,2,0,5,7,0,9,0,6,2,0,163
164,164,F,26,San Francisco,CA,USA,2,8,0,1,2,7,5,0,0,2,102
165,165,M,46,Kent,WA,USA,1,0,3,7,0,3,0,0,3,2,53
166,166,M,37,Los Angeles,CA,USA,3,0,3,3,1,1,1,5,3,2,146
167,167,M,38,Los Angeles,CA,USA,2,0,3,5,1,10,1,3,1,2,146
168,168,F,38,Bellevue,WA,USA,2,1,2,3,2,3,3,0,0,8,204
169,169,F,22,Redmond,WA,USA,2,1,2,3,0,6,7,0,0,5,103
170,170,M,39,San Jose,CA,USA,0,0,4,3,2,4,0,6,0,5,230
171,171,M,46,Bellevue,WA,USA,3,0,0,6,0,6,0,8,4,5,226
172,172,F,66,Bellevue,WA,USA,0,2,0,2,0,0,0,0,0,5,82
173,173,M,26,Kent,WA,USA,3,0,4,3,1,2,1,3,1,5,93
174,174,F,66,San Francisco,CA,USA,3,6,0,0,0,1,0,0,0,3,32
175,175,M,28,San Diego,CA,USA,3,0,0,4,2,9,0,5,0,3,14
176,176,F,21,San Diego,CA,USA,1,5,7,2,4,0,2,0,0,7,142
177,177,M,53,Bellevue,WA,USA,0,5,0,0,0,0,0,0,0,7,50
178,178,M,47,Irvine,CA,USA,0,0,1,9,0,3,0,7,1,7,182
179,179,F,62,Redmond,WA,USA,1,1,0,2,0,0,0,0,0,9,190
180,180,M,61,Seattle,WA,USA,1,0,0,3,0,0,0,5,3,9,190
181,181,M,48,Issaquah,WA,USA,2,0,2,10,0,8,0,10,2,9,17
182,182,M,65,San Diego,CA,USA,4,0,0,2,0,2,0,9,0,9,260
183,183,F,25,San Francisco,CA,USA,3,2,1,6,4,0,0,0,0,8,8
184,184,M,36,Redmond,WA,USA,2,0,2,6,3,0,0,8,2,8,66
185,185,F,69,Irvine,CA,USA,0,4,0,1,0,0,0,0,0,7,224
186,186,M,55,San Francisco,CA,USA,0,4,0,0,0,0,0,0,0,7,83
187,187,F,39,Seattle,WA,USA,1,2,2,2,0,6,1,0,0,6,79
188,188,F,57,Irvine,CA,USA,0,2,0,0,0,0,0,0,0,5,208
189,189,F,21,Irvine,CA,USA,3,5,1,7,4,2,6,0,0,8,142
190,190,M,53,Kent,WA,USA,0,5,0,0,0,0,0,0,0,8,50
191,191,M,62,San Jose,CA,USA,3,0,0,5,0,2,0,1,3,8,113
192,192,F,39,Los Angeles,CA,USA,2,4,2,10,4,1,0,0,0,8,202
193,193,F,59,San Jose,CA,USA,0,4,0,0,0,0,0,0,0,5,134
194,194,M,38,Issaquah,WA,USA,3,0,7,2,2,0,0,3,2,5,74
195,195,F,43,Irvine,CA,USA,3,3,2,0,2,0,0,0,0,2,293
196,196,F,42,Kent,WA,USA,0,2,2,1,2,0,0,0,0,1,234
197,197,F,40,Irvine,CA,USA,2,2,2,4,3,1,0,0,0,3,61
198,198,M,44,San Francisco,CA,USA,4,0,2,2,0,10,0,2,2,3,57
199,199,F,23,San Jose,CA,USA,2,6,0,6,4,6,1,0,0,5,255
200,200,F,52,San Francisco,CA,USA,0,6,0,0,0,0,0,0,0,0,0
201,201,F,34,San Francisco,CA,USA,2,0,4,5,1,5,4,0,0,1,265
202,202,M,56,Issaquah,WA,USA,0,0,0,0,0,0,0,0,0,1,25
203,203,F,55,Irvine,CA,USA,0,0,0,0,0,0,0,0,0,8,6
204,204,F,22,San Diego,CA,USA,1,8,4,1,3,3,2,0,0,4,255
205,205,F,58,Bellevue,WA,USA,0,8,0,0,0,0,0,0,0,7,244
206,206,F,25,Redmond,WA,USA,1,4,5,3,2,1,7,0,0,0,278
207,207,M,24,Issaquah,WA,USA,3,0,2,10,0,1,0,4,0,0,143
208,208,F,58,Irvine,CA,USA,0,0,0,0,0,0,0,4,0,9,98
209,209,M,36,San Diego,CA,USA,2,0,5,6,2,3,1,4,2,9,112
210,210,M,66,San Diego,CA,USA,2,0,0,2,0,1,0,5,2,9,260
211,211,F,41,San Jose,CA,USA,2,4,2,1,2,0,0,0,0,3,61
212,212,M,24,San Jose,CA,USA,0,0,4,8,1,1,0,2,3,3,257
213,213,F,56,Redmond,WA,USA,0,0,0,0,0,0,0,2,0,8,176
214,214,M,25,Los Angeles,CA,USA,3,0,1,4,3,0,1,8,0,8,119
215,215,F,66,Bellevue,WA,USA,2,7,0,0,0,2,0,0,0,0,161
216,216,F,51,San Jose,CA,USA,0,7,0,0,0,0,0,0,0,1,223
217,217,M,40,Issaquah,WA,USA,4,0,3,8,0,6,0,2,0,1,172
218,218,F,62,Issaquah,WA,USA,2,0,0,1,0,2,0,0,0,7,247
219,219,F,38,Bellevue,WA,USA,3,1,6,0,1,7,4,0,0,6,198
220,220,F,47,Issaquah,WA,USA,1,6,2,2,0,4,0,0,0,0,118
221,221,M,56,Redmond,WA,USA,0,6,0,0,0,0,0,0,0,0,25
222,222,M,41,Los Angeles,CA,USA,3,0,3,10,0,8,0,2,2,0,35
223,223,F,22,San Francisco,CA,USA,2,2,1,1,3,6,2,0,0,5,255
224,224,F,44,Seattle,WA,USA,0,3,0,3,3,1,0,0,0,8,99
225,225,F,41,Los Angeles,CA,USA,0,2,0,2,2,0,0,0,0,5,61
226,226,F,57,Seattle,WA,USA,0,2,0,0,0,0,0,0,0,8,98
227,227,F,21,San Jose,CA,USA,0,3,4,1,3,8,2,0,0,1,191
228,228,F,41,San Diego,CA,USA,1,0,0,2,0,1,0,0,0,6,34
229,229,F,40,San Francisco,CA,USA,1,7,0,3,2,3,0,0,0,4,128
230,230,F,20,Bellevue,WA,USA,1,2,2,4,0,9,5,0,0,5,164
231,231,M,53,San Diego,CA,USA,0,2,0,0,0,0,0,0,0,5,151
232,232,M,35,Los Angeles,CA,USA,0,0,0,3,3,3,0,3,1,5,297
233,233,M,62,Irvine,CA,USA,0,0,1,1,0,0,0,0,3,5,252
234,234,F,64,Seattle,WA,USA,1,2,0,2,0,1,0,0,0,8,168
235,235,M,36,Bellevue,WA,USA,3,0,2,4,0,4,1,4,0,8,66
236,236,F,27,Redmond,WA,USA,3,5,4,10,3,5,5,0,0,9,155
237,237,M,58,Seattle,WA,USA,0,5,0,0,0,0,0,0,0,9,98
238,238,M,55,Seattle,WA,USA,0,5,0,0,0,0,0,0,0,9,285
239,239,F,26,Kent,WA,USA,3,9,2,9,2,7,5,0,0,4,93
240,240,M,48,Bellevue,WA,USA,0,0,0,8,0,0,0,0,1,4,87
241,241,F,60,Seattle,WA,USA,1,3,0,0,0,2,0,0,0,3,110
242,242,M,36,San Jose,CA,USA,0,0,2,2,3,1,1,8,3,3,288
243,243,F,65,San Jose,CA,USA,2,5,0,1,0,2,0,0,0,5,32
244,244,F,35,Issaquah,WA,USA,0,3,5,4,0,2,0,0,0,3,51
245,245,M,36,Seattle,WA,USA,3,0,8,4,0,4,1,8,1,3,162
246,246,F,32,Issaquah,WA,USA,2,8,6,10,4,7,7,0,0,7,183
247,247,M,37,San Diego,CA,USA,3,0,5,7,2,8,0,6,1,7,71
248,248,F,56,Bellevue,WA,USA,0,0,0,0,0,0,0,6,0,7,44
249,249,F,58,Kent,WA,USA,0,0,0,0,0,0,0,6,0,7,244
250,250,M,61,Irvine,CA,USA,2,0,1,4,0,1,0,9,1,7,113
251,251,F,66,Redmond,WA,USA,0,2,0,1,0,1,0,0,0,0,161
252,252,M,59,San Jose,CA,USA,0,2,0,0,0,0,0,0,0,0,55
253,253,F,34,Kent,WA,USA,3,4,4,5,4,8,5,0,0,5,109
254,254,M,25,Los Angeles,CA,USA,3,0,5,0,1,5,1,1,2,5,213
255,255,M,29,Bellevue,WA,USA,1,0,2,3,1,9,0,8,1,5,170
256,256,F,56,Redmond,WA,USA,0,0,0,0,0,0,0,8,0,6,44
257,257,M,28,Bellevue,WA,USA,3,0,5,5,3,3,0,3,2,6,170
258,258,F,60,Issaquah,WA,USA,3,4,0,2,0,2,0,0,0,4,110
259,259,M,32,San Diego,CA,USA,1,0,7,2,0,9,1,2,0,4,1
260,260,M,21,Kent,WA,USA,2,0,5,0,0,0,0,6,3,4,33
261,261,M,35,Seattle,WA,USA,0,0,1,1,1,7,1,5,0,4,162
262,262,M,27,Kent,WA,USA,2,0,5,5,3,1,0,1,2,4,93
263,263,F,66,San Diego,CA,USA,2,5,0,1,0,0,0,0,0,3,32
264,264,M,33,San Francisco,CA,USA,0,0,0,4,0,8,0,7,0,3,261
265,265,M,59,Issaquah,WA,USA,0,0,0,0,0,0,0,7,0,3,110
266,266,F,67,San Francisco,CA,USA,3,1,0,2,0,0,0,0,0,1,52
267,267,M,22,San Jose,CA,USA,1,0,2,3,1,1,1,6,3,1,88
268,268,F,62,San Diego,CA,USA,0,4,0,2,0,2,0,0,0,2,179
269,269,M,61,San Diego,CA,USA,3,0,0,3,0,2,0,6,1,2,179
270,270,F,42,Los Angeles,CA,USA,2,6,1,4,1,2,0,0,0,9,92
271,271,F,43,San Francisco,CA,USA,2,8,0,1,3,1,0,0,0,3,136
272,272,F,20,Los Angeles,CA,USA,1,6,1,10,3,1,4,0,0,2,42
273,273,F,38,Los Angeles,CA,USA,2,0,2,10,4,9,2,0,0,1,47
274,274,M,40,Irvine,CA,USA,2,0,0,8,0,3,0,8,2,1,236
275,275,M,56,Bellevue,WA,USA,0,0,0,0,0,0,0,8,0,1,108
276,276,M,69,Bellevue,WA,USA,1,0,0,5,0,0,0,1,2,1,249
277,277,F,65,Kent,WA,USA,2,1,0,2,0,0,0,0,0,1,24
278,278,F,58,Seattle,WA,USA,0,1,0,0,0,0,0,0,0,9,98
279,279,F,28,San Francisco,CA,USA,2,0,6,6,2,6,4,0,0,3,221
280,280,M,24,San Francisco,CA,USA,0,0,7,6,1,2,1,2,2,3,257
281,281,M,46,San Jose,CA,USA,3,0,1,3,0,2,0,6,0,3,195
282,282,M,29,Los Angeles,CA,USA,2,0,1,10,2,4,1,7,0,3,14
283,283,F,49,Irvine,CA,USA,2,4,2,5,0,0,0,0,0,4,12
284,284,F,52,Irvine,CA,USA,0,4,0,0,0,0,0,0,0,0,0
285,285,F,61,San Francisco,CA,USA,1,3,0,1,0,1,0,0,0,7,36
286,286,M,61,San Jose,CA,USA,2,0,1,2,0,1,0,9,0,7,113
287,287,M,67,Redmond,WA,USA,1,0,1,2,0,2,0,5,0,7,10
288,288,F,33,Bellevue,WA,USA,1,5,5,10,3,1,3,0,0,7,23
289,289,M,55,Kent,WA,USA,0,5,0,0,0,0,0,0,0,7,83
290,290,M,66,San Francisco,CA,USA,4,0,1,0,0,1,0,0,1,7,232
291,291,M,43,Seattle,WA,USA,1,0,3,1,0,0,0,5,3,7,99
292,292,M,60,San Jose,CA,USA,1,0,0,0,0,1,0,8,0,7,113
293,293,M,34,Seattle,WA,USA,0,0,4,2,2,10,1,10,2,7,30
294,294,F,42,Irvine,CA,USA,3,0,2,0,2,0,0,0,0,6,192
295,295,M,69,Los Angeles,CA,USA,0,0,0,2,0,0,0,6,0,6,274
296,296,M,64,Issaquah,WA,USA,1,0,0,5,0,1,0,10,4,6,85
297,297,F,39,Redmond,WA,USA,3,0,5,6,3,10,2,0,0,2,125
298,298,M,50,San Francisco,CA,USA,0,0,0,0,0,0,0,0,0,2,206
299,299,M,54,San Jose,CA,USA,0,0,0,0,0,0,0,0,0,2,194
300,300,F,64,Kent,WA,USA,0,4,0,0,0,0,0,0,0,0,24
301,301,M,55,Bellevue,WA,USA,0,4,0,0,0,0,0,0,0,0,108
302,302,F,35,Seattle,WA,USA,2,10,1,6,1,3,2,0,0,6,109
303,303,M,62,Seattle,WA,USA,0,0,1,1,0,2,0,10,1,6,2
304,304,M,24,Kent,WA,USA,2,0,2,4,0,3,1,6,1,6,137
305,305,F,62,Issaquah,WA,USA,3,1,0,0,0,0,0,0,0,8,247
306,306,M,52,San Diego,CA,USA,0,1,0,0,0,0,0,0,0,8,86
307,307,F,35,Los Angeles,CA,USA,3,6,6,1,2,8,1,0,0,0,138
308,308,F,21,Kent,WA,USA,1,0,1,10,4,9,4,0,0,8,94
309,309,F,66,Irvine,CA,USA,0,1,0,2,0,1,0,0,0,4,32
310,310,M,46,Bellevue,WA,USA,4,0,3,0,0,10,0,5,3,4,226
311,311,M,40,Kent,WA,USA,1,0,2,1,0,3,0,6,4,4,15
312,312,M,37,San Francisco,CA,USA,3,0,3,10,1,7,1,6,2,4,120
313,313,M,41,Los Angeles,CA,USA,0,0,0,7,0,0,0,10,0,4,128
314,314,F,43,Irvine,CA,USA,0,5,1,0,3,1,0,0,0,2,293
315,315,F,21,Irvine,CA,USA,0,2,6,8,2,9,0,0,0,3,42
316,316,M,33,San Jose,CA,USA,2,0,6,10,1,4,0,2,1,3,261
317,317,M,61,Redmond,WA,USA,4,0,0,2,0,2,0,4,2,3,70
318,318,M,48,Bellevue,WA,USA,1,0,3,10,0,9,0,4,2,3,87
319,319,F,22,Kent,WA,USA,3,0,7,7,2,2,3,0,0,3,258
320,320,M,37,San Francisco,CA,USA,0,0,8,1,3,0,1,4,1,3,120
321,321,M,28,Los Angeles,CA,USA,1,0,5,1,0,6,1,5,0,3,14
322,322,F,61,San Francisco,CA,USA,3,4,0,0,0,1,0,0,0,8,36
323,323,F,66,San Francisco,CA,USA,1,4,0,0,0,2,0,0,0,9,185
324,324,F,44,Seattle,WA,USA,0,3,1,1,1,0,0,0,0,4,95
325,325,M,55,Irvine,CA,USA,0,3,0,0,0,0,0,0,0,4,250
326,326,F,49,Los Angeles,CA,USA,1,5,2,4,1,1,0,0,0,5,12
327,327,F,59,Los Angeles,CA,USA,0,5,0,0,0,0,0,0,0,7,22
328,328,M,41,Los Angeles,CA,USA,1,0,0,1,0,1,0,2,1,7,34
329,329,M,42,Seattle,WA,USA,2,0,1,3,0,3,0,0,0,7,225
330,330,F,25,San Francisco,CA,USA,2,6,1,3,1,9,0,0,0,1,167
331,331,F,66,Bellevue,WA,USA,2,1,0,2,0,2,0,0,0,6,82
332,332,M,30,Issaquah,WA,USA,2,0,0,2,0,7,1,4,0,6,115
333,333,F,36,Issaquah,WA,USA,3,9,0,3,0,4,4,0,0,5,84
334,334,M,21,Kent,WA,USA,1,0,5,9,2,9,1,7,0,5,33
335,335,F,35,Los Angeles,CA,USA,1,0,0,0,3,2,7,0,0,8,160
336,336,M,22,San Francisco,CA,USA,3,0,8,0,3,4,1,5,2,8,39
337,337,F,32,Los Angeles,CA,USA,2,7,7,0,3,7,7,0,0,8,45
338,338,M,33,Los Angeles,CA,USA,3,0,8,4,2,2,0,1,2,8,45
339,339,M,22,Los Angeles,CA,USA,1,0,7,3,3,8,0,5,3,8,39
340,340,F,24,Bellevue,WA,USA,1,4,6,2,4,1,0,0,0,7,121
341,341,M,29,Redmond,WA,USA,1,0,6,8,0,2,1,9,1,7,20
342,342,M,26,Kent,WA,USA,1,0,3,4,3,9,0,2,2,7,139
343,343,F,21,Issaquah,WA,USA,2,3,3,8,4,10,2,0,0,1,63
344,344,M,55,Bellevue,WA,USA,0,3,0,0,0,0,0,0,0,1,108
345,345,F,22,Redmond,WA,USA,2,2,3,10,1,0,0,0,0,8,94
346,346,F,55,Irvine,CA,USA,0,2,0,0,0,0,0,0,0,9,6
347,347,M,24,San Jose,CA,USA,3,0,7,3,1,4,1,6,3,9,292
348,348,F,46,Redmond,WA,USA,2,3,0,5,1,1,0,0,0,2,53
349,349,F,33,Los Angeles,CA,USA,1,4,7,5,1,0,7,0,0,6,214
350,350,M,27,Issaquah,WA,USA,1,0,2,2,0,6,1,6,2,6,139
351,351,F,59,Irvine,CA,USA,0,0,0,0,0,0,0,6,0,3,9
352,352,F,20,Kent,WA,USA,2,4,5,3,3,1,5,0,0,0,63
353,353,F,53,Bellevue,WA,USA,0,4,0,0,0,0,0,0,0,9,124
354,354,M,55,Los Angeles,CA,USA,0,4,0,0,0,0,0,0,0,9,158
355,355,M,38,Redmond,WA,USA,3,0,3,9,3,1,0,9,3,9,180
356,356,F,39,Seattle,WA,USA,0,4,3,7,1,1,1,0,0,2,125
357,357,F,27,Bellevue,WA,USA,3,5,0,5,0,5,1,0,0,7,215
358,358,F,53,Seattle,WA,USA,0,5,0,0,0,0,0,0,0,4,96
359,359,F,56,Bellevue,WA,USA,0,5,0,0,0,0,0,0,0,4,141
360,360,M,31,Seattle,WA,USA,0,0,3,2,1,7,1,8,1,4,64
361,361,M,41,Kent,WA,USA,0,0,2,4,0,5,0,3,3,4,237
362,362,M,44,Los Angeles,CA,USA,5,0,3,5,0,5,0,6,3,4,57
363,363,M,54,San Francisco,CA,USA,0,0,0,0,0,0,0,6,0,4,18
364,364,M,48,Kent,WA,USA,0,0,1,8,0,1,0,2,4,4,87
365,365,F,35,San Francisco,CA,USA,0,10,2,6,2,5,0,0,0,3,11
366,366,F,32,San Diego,CA,USA,1,5,3,0,4,1,5,0,0,5,1
367,367,F,38,Bellevue,WA,USA,1,4,7,2,0,4,5,0,0,9,204
368,368,F,27,San Diego,CA,USA,3,9,4,8,4,5,5,0,0,4,221
369,369,M,65,San Diego,CA,USA,0,0,1,1,0,2,0,8,1,4,173
370,370,F,37,Issaquah,WA,USA,2,10,1,3,4,9,6,0,0,6,84
371,371,M,51,Redmond,WA,USA,0,10,0,0,0,0,0,0,0,6,130
372,372,F,42,Issaquah,WA,USA,0,6,0,5,1,1,0,0,0,9,92
373,373,M,33,San Jose,CA,USA,0,0,8,8,2,10,0,0,1,9,217
374,374,M,67,San Jose,CA,USA,2,0,0,1,0,2,0,9,1,9,126
375,375,F,68,Los Angeles,CA,USA,0,7,0,2,0,2,0,0,0,0,264
376,376,F,29,Kent,WA,USA,2,3,1,7,1,2,0,0,0,7,90
377,377,F,63,Redmond,WA,USA,3,3,0,0,0,2,0,0,0,8,168
378,378,M,52,Irvine,CA,USA,0,3,0,0,0,0,0,0,0,8,147
379,379,M,36,San Francisco,CA,USA,3,0,1,2,1,6,1,5,3,8,112
380,380,F,63,Bellevue,WA,USA,0,1,0,1,0,1,0,0,0,8,168
381,381,M,47,Kent,WA,USA,2,0,2,5,0,10,0,10,1,8,17
382,382,M,40,Kent,WA,USA,3,0,3,3,0,3,0,9,4,8,114
383,383,M,60,Kent,WA,USA,2,0,0,1,0,1,0,0,3,8,68
384,384,M,32,Issaquah,WA,USA,3,0,6,1,0,6,1,1,3,8,183
385,385,M,38,Bellevue,WA,USA,0,0,4,4,1,6,0,5,3,8,204
386,386,F,51,Irvine,CA,USA,0,0,0,0,0,0,0,5,0,3,165
387,387,M,66,Irvine,CA,USA,4,0,1,1,0,2,0,6,1,3,246
388,388,F,59,Redmond,WA,USA,0,0,0,0,0,0,0,6,0,8,68
389,389,M,38,Los Angeles,CA,USA,1,0,2,10,2,1,0,5,1,8,71
390,390,M,24,San Jose,CA,USA,2,0,1,8,2,10,1,10,1,8,119
391,391,F,51,Los Angeles,CA,USA,0,0,0,0,0,0,0,10,0,5,12
392,392,F,62,Bellevue,WA,USA,2,2,0,0,0,2,0,0,0,2,117
393,393,M,31,San Diego,CA,USA,3,0,0,3,0,8,1,5,1,2,148
394,394,M,58,Bellevue,WA,USA,0,0,0,0,0,0,0,5,0,2,123
395,395,F,61,Los Angeles,CA,USA,1,0,0,0,0,1,0,0,0,2,31
396,396,M,58,Irvine,CA,USA,0,0,0,0,0,0,0,0,0,2,73
397,397,F,33,San Jose,CA,USA,2,9,2,6,2,8,1,0,0,1,265
398,398,M,49,Irvine,CA,USA,4,0,2,2,0,0,0,5,3,1,19
399,399,M,24,Kent,WA,USA,2,0,7,6,2,0,0,1,3,1,143
400,400,F,52,San Diego,CA,USA,0,0,0,0,0,0,0,1,0,2,165
401,401,M,66,San Francisco,CA,USA,0,0,0,5,0,2,0,8,4,2,7
402,402,F,38,Redmond,WA,USA,1,9,3,8,3,0,1,0,0,2,125
403,403,M,57,Redmond,WA,USA,0,9,0,0,0,0,0,0,0,2,123
404,404,F,25,Seattle,WA,USA,3,4,3,9,2,2,1,0,0,4,93
405,405,M,31,San Diego,CA,USA,1,0,0,5,1,7,1,4,3,4,1
406,406,M,58,San Jose,CA,USA,0,0,0,0,0,0,0,4,0,4,208
407,407,F,46,Kent,WA,USA,1,4,1,5,1,1,0,0,0,5,294
408,408,M,30,Issaquah,WA,USA,3,0,6,1,1,8,1,10,1,5,115
409,409,M,44,Irvine,CA,USA,4,0,0,4,0,4,0,1,1,5,133
410,410,M,45,Kent,WA,USA,0,0,2,7,0,10,0,10,1,5,174
411,411,M,43,Los Angeles,CA,USA,0,0,1,7,0,1,0,4,1,5,197
412,412,F,31,Los Angeles,CA,USA,1,7,0,9,4,0,4,0,0,5,156
413,413,F,27,Bellevue,WA,USA,1,4,5,2,4,2,7,0,0,9,155
414,414,F,28,Bellevue,WA,USA,0,6,1,2,4,2,7,0,0,1,289
415,415,F,29,San Diego,CA,USA,3,6,7,5,3,10,0,0,0,7,48
416,416,F,65,Irvine,CA,USA,2,7,0,0,0,1,0,0,0,4,32
417,417,M,54,Los Angeles,CA,USA,0,7,0,0,0,0,0,0,0,4,18
418,418,F,21,Kent,WA,USA,1,8,3,0,0,2,2,0,0,3,258
419,419,M,31,Bellevue,WA,USA,1,0,1,7,0,1,0,5,0,3,64
420,420,F,55,San Diego,CA,USA,0,0,0,0,0,0,0,5,0,7,177
421,421,M,37,Seattle,WA,USA,2,0,1,8,3,1,0,10,2,7,216
422,422,M,45,Los Angeles,CA,USA,5,0,0,6,0,1,0,6,0,7,145
423,423,M,41,Kent,WA,USA,5,0,3,0,0,7,0,9,2,7,225
424,424,F,44,Issaquah,WA,USA,2,1,1,0,1,1,0,0,0,0,228
425,425,M,57,Kent,WA,USA,0,1,0,0,0,0,0,0,0,0,25
426,426,F,59,San Francisco,CA,USA,0,1,0,0,0,0,0,0,0,4,212
427,427,M,39,Kent,WA,USA,2,0,3,0,0,2,1,8,2,4,15
428,428,F,28,San Jose,CA,USA,1,5,7,4,2,5,4,0,0,0,229
429,429,M,34,San Jose,CA,USA,0,0,2,1,3,10,1,5,1,0,29
430,430,M,22,Los Angeles,CA,USA,1,0,0,1,0,5,0,10,2,0,88
431,431,M,65,Seattle,WA,USA,2,0,1,3,0,1,0,0,1,0,144
432,432,F,33,Kent,WA,USA,0,4,3,9,2,7,0,0,0,8,23
433,433,M,32,San Diego,CA,USA,0,0,0,6,2,3,0,10,3,8,296
434,434,M,53,Redmond,WA,USA,0,0,0,0,0,0,0,10,0,8,50
435,435,F,47,San Francisco,CA,USA,2,8,0,2,2,4,0,0,0,2,233
436,436,M,62,Kent,WA,USA,2,0,1,1,0,1,0,8,3,2,70
437,437,M,39,Bellevue,WA,USA,1,0,7,4,1,4,0,2,1,2,15
438,438,M,22,Irvine,CA,USA,1,0,4,8,3,1,1,9,0,2,3
439,439,M,59,San Diego,CA,USA,0,0,0,0,0,0,0,9,0,2,273
440,440,F,64,Bellevue,WA,USA,1,2,0,2,0,1,0,0,0,9,168
441,441,F,44,San Francisco,CA,USA,0,0,0,0,3,4,0,0,0,5,192
442,442,M,43,Kent,WA,USA,5,0,0,2,0,2,0,8,2,5,38
443,443,F,22,Issaquah,WA,USA,0,6,6,7,3,8,4,0,0,9,94
444,444,M,25,Bellevue,WA,USA,0,0,6,8,2,1,1,8,2,9,231
445,445,M,31,San Diego,CA,USA,2,0,3,3,2,6,1,6,2,9,296
446,446,F,38,Los Angeles,CA,USA,0,5,0,1,1,6,7,0,0,3,240
447,447,F,46,Bellevue,WA,USA,2,5,1,0,1,1,0,0,0,9,207
448,448,M,57,San Jose,CA,USA,0,5,0,0,0,0,0,0,0,9,158
449,449,F,54,Kent,WA,USA,0,5,0,0,0,0,0,0,0,9,124
450,450,M,36,Bellevue,WA,USA,3,0,2,0,1,10,0,0,2,9,66
451,451,F,58,San Jose,CA,USA,0,0,0,0,0,0,0,0,0,7,22
452,452,M,40,San Jose,CA,USA,1,0,0,7,0,1,0,10,4,7,34
453,453,F,42,Kent,WA,USA,3,5,0,4,3,4,0,0,0,0,234
454,454,M,49,Kent,WA,USA,2,0,1,7,0,9,0,7,2,0,37
455,455,F,62,San Diego,CA,USA,1,4,0,0,0,0,0,0,0,1,189
456,456,F,56,Seattle,WA,USA,0,4,0,0,0,0,0,0,0,0,25
457,457,F,54,Redmond,WA,USA,0,4,0,0,0,0,0,0,0,0,218
458,458,M,46,Irvine,CA,USA,2,0,3,1,0,1,0,10,1,0,171
459,459,F,30,Bellevue,WA,USA,0,0,3,0,0,1,2,0,0,0,157
460,460,M,50,San Jose,CA,USA,0,0,0,0,0,0,0,0,0,0,223
461,461,F,57,Issaquah,WA,USA,0,0,0,0,0,0,0,0,0,5,44
462,462,F,69,Seattle,WA,USA,2,2,0,1,0,1,0,0,0,2,72
463,463,M,38,San Jose,CA,USA,2,0,8,10,2,8,0,5,3,2,146
464,464,M,39,Irvine,CA,USA,0,0,0,5,0,5,0,5,3,2,146
465,465,M,68,Bellevue,WA,USA,4,0,0,2,0,0,0,0,4,2,249
466,466,M,53,Seattle,WA,USA,0,0,0,0,0,0,0,0,0,2,199
467,467,F,29,San Diego,CA,USA,3,7,2,2,4,1,2,0,0,7,48
468,468,M,24,Issaquah,WA,USA,1,0,7,5,2,8,0,0,3,7,137
469,469,F,59,Los Angeles,CA,USA,0,0,0,0,0,0,0,0,0,5,134
470,470,M,57,Redmond,WA,USA,0,0,0,0,0,0,0,0,0,5,44
471,471,F,52,Irvine,CA,USA,0,0,0,0,0,0,0,0,0,7,259
472,472,F,42,San Diego,CA,USA,3,6,1,4,3,2,0,0,0,3,136
473,473,M,32,Kent,WA,USA,1,0,4,4,2,10,0,5,3,3,266
474,474,F,33,Irvine,CA,USA,1,6,3,8,3,2,0,0,0,3,104
475,475,M,39,Seattle,WA,USA,1,0,1,10,1,10,0,2,1,3,15
476,476,F,46,San Jose,CA,USA,2,5,2,4,3,4,0,0,0,0,276
477,477,F,26,Kent,WA,USA,3,8,6,2,3,5,7,0,0,0,278
478,478,M,28,Redmond,WA,USA,2,0,7,3,3,1,0,8,3,0,105
479,479,M,29,Seattle,WA,USA,0,0,1,10,0,4,1,10,3,0,157
480,480,F,60,Kent,WA,USA,3,7,0,2,0,1,0,0,0,1,106
481,481,M,58,Los Angeles,CA,USA,0,7,0,0,0,0,0,0,0,1,248
482,482,F,40,Redmond,WA,USA,1,4,2,1,1,1,0,0,0,1,280
483,483,M,49,Seattle,WA,USA,3,0,1,5,0,0,0,1,4,1,37
484,484,M,58,Los Angeles,CA,USA,0,0,0,0,0,0,0,1,0,1,248
485,485,F,42,Los Angeles,CA,USA,3,0,1,5,2,4,0,0,0,3,136
486,486,M,30,San Jose,CA,USA,2,0,4,8,2,8,1,0,2,3,148
487,487,M,53,Seattle,WA,USA,0,0,0,0,0,0,0,0,0,3,199
488,488,M,53,San Diego,CA,USA,0,0,0,0,0,0,0,0,0,3,100
489,489,M,69,Redmond,WA,USA,0,0,1,1,0,2,0,9,0,3,27
490,490,M,62,Kent,WA,USA,0,0,0,0,0,1,0,9,4,3,70
491,491,M,22,San Diego,CA,USA,1,0,5,10,3,0,1,4,2,3,3
492,492,M,56,San Jose,CA,USA,0,0,0,0,0,0,0,4,0,3,141
493,493,F,47,Irvine,CA,USA,3,1,1,2,1,4,0,0,0,6,282
494,494,M,34,San Francisco,CA,USA,0,0,1,6,0,0,1,7,3,6,135
495,495,F,68,Redmond,WA,USA,1,3,0,1,0,1,0,0,0,2,211
496,496,M,29,Bellevue,WA,USA,0,0,7,6,1,7,0,2,0,2,54
497,497,F,59,Seattle,WA,USA,0,0,0,0,0,0,0,2,0,5,62
498,498,F,40,Seattle,WA,USA,2,3,0,4,2,4,0,0,0,0,76
499,499,F,54,San Diego,CA,USA,0,3,0,0,0,0,0,0,0,4,193
500,500,F,41,Redmond,WA,USA,0,2,1,3,0,3,0,0,0,5,140
501,501,F,29,Issaquah,WA,USA,3,7,2,5,4,2,0,0,0,8,90
502,502,F,31,Issaquah,WA,USA,2,6,6,8,1,7,3,0,0,6,115
503,503,M,36,Los Angeles,CA,USA,3,0,2,2,1,6,0,1,0,6,297
504,504,F,23,Seattle,WA,USA,0,9,2,3,4,4,6,0,0,2,59
505,505,F,34,Seattle,WA,USA,1,10,4,1,3,4,6,0,0,7,30
506,506,M,60,Redmond,WA,USA,3,0,0,0,0,2,0,1,0,7,169
507,507,F,47,Issaquah,WA,USA,3,4,1,1,0,1,0,0,0,0,118
508,508,M,61,Kent,WA,USA,1,0,0,2,0,1,0,10,3,0,298
509,509,F,38,Irvine,CA,USA,3,6,0,0,0,5,6,0,0,8,210
510,510,M,49,San Diego,CA,USA,3,0,2,2,0,0,0,9,1,8,272
511,511,F,49,Issaquah,WA,USA,2,5,2,1,0,4,0,0,0,7,69
512,512,F,47,Kent,WA,USA,1,4,2,5,2,4,0,0,0,0,118
513,513,F,51,Los Angeles,CA,USA,0,4,0,0,0,0,0,0,0,2,165
514,514,M,43,Los Angeles,CA,USA,0,0,1,5,0,9,0,7,0,2,58
515,515,M,44,San Jose,CA,USA,0,0,0,3,0,8,0,0,2,2,57
516,516,F,47,Los Angeles,CA,USA,3,6,2,3,3,2,0,0,0,7,282
517,517,M,55,San Francisco,CA,USA,0,6,0,0,0,0,0,0,0,7,83
518,518,F,66,Kent,WA,USA,3,3,0,1,0,1,0,0,0,1,161
519,519,M,69,Bellevue,WA,USA,0,0,0,5,0,1,0,7,0,1,249
520,520,M,22,San Francisco,CA,USA,2,0,3,2,2,3,0,6,3,1,88
521,521,F,51,San Diego,CA,USA,0,0,0,0,0,0,0,6,0,4,81
522,522,F,59,Redmond,WA,USA,0,0,0,0,0,0,0,6,0,2,175
523,523,M,42,Kent,WA,USA,4,0,2,7,0,5,0,5,0,2,5
524,524,M,36,Kent,WA,USA,0,0,6,2,3,10,1,5,0,2,268
525,525,F,32,Issaquah,WA,USA,3,0,6,3,4,5,0,0,0,8,183
526,526,F,57,Redmond,WA,USA,0,0,0,0,0,0,0,0,0,2,123
527,527,M,35,San Jose,CA,USA,0,0,2,0,1,8,0,2,2,2,288
528,528,M,60,San Francisco,CA,USA,4,0,1,0,0,0,0,0,0,2,179
529,529,M,68,San Jose,CA,USA,2,0,0,4,0,0,0,8,0,2,27
530,530,M,38,San Jose,CA,USA,3,0,3,0,0,6,1,0,0,2,146
531,531,M,40,San Diego,CA,USA,4,0,1,1,0,4,0,2,3,2,35
532,532,F,43,San Francisco,CA,USA,3,4,0,5,2,2,0,0,0,8,4
533,533,F,53,Issaquah,WA,USA,0,4,0,0,0,0,0,0,0,4,96
534,534,F,58,Seattle,WA,USA,0,4,0,0,0,0,0,0,0,7,244
535,535,M,61,San Diego,CA,USA,4,0,1,5,0,2,0,10,3,7,284
536,536,F,42,Los Angeles,CA,USA,1,8,1,1,2,2,0,0,0,9,92
537,537,M,35,Irvine,CA,USA,0,0,6,1,3,6,0,1,1,9,217
538,538,M,69,Issaquah,WA,USA,1,0,1,1,0,2,0,6,4,9,186
539,539,F,53,Redmond,WA,USA,0,0,0,0,0,0,0,6,0,6,238
540,540,M,33,Los Angeles,CA,USA,2,0,2,10,2,3,0,4,3,6,135
541,541,F,47,San Francisco,CA,USA,3,3,2,5,0,1,0,0,0,2,233
542,542,M,31,San Jose,CA,USA,3,0,8,1,1,6,0,6,1,2,148
543,543,M,60,Bellevue,WA,USA,3,0,0,4,0,1,0,3,2,2,175
544,544,M,69,Issaquah,WA,USA,1,0,0,0,0,2,0,3,3,2,72
545,545,F,67,San Francisco,CA,USA,2,7,0,2,0,2,0,0,0,6,222
546,546,F,36,San Francisco,CA,USA,2,0,4,6,1,3,7,0,0,9,160
547,547,M,34,San Jose,CA,USA,0,0,3,6,1,0,0,7,3,9,217
548,548,F,24,Seattle,WA,USA,2,9,2,9,1,10,2,0,0,6,137
549,549,F,69,Issaquah,WA,USA,3,6,0,0,0,2,0,0,0,1,72
550,550,F,58,Bellevue,WA,USA,0,6,0,0,0,0,0,0,0,6,244
551,551,M,64,Bellevue,WA,USA,4,0,1,0,0,1,0,7,0,6,85
552,552,M,34,San Jose,CA,USA,2,0,0,4,0,3,0,10,1,6,135
553,553,M,45,Bellevue,WA,USA,0,0,1,6,0,6,0,8,1,6,256
554,554,M,20,San Jose,CA,USA,1,0,8,4,0,2,1,6,2,6,78
555,555,M,52,San Diego,CA,USA,0,0,0,0,0,0,0,6,0,6,151
556,556,F,61,Irvine,CA,USA,2,7,0,0,0,0,0,0,0,1,31
557,557,F,69,Los Angeles,CA,USA,0,5,0,0,0,0,0,0,0,1,264
558,558,F,30,Kent,WA,USA,3,5,1,2,2,10,6,0,0,8,90
559,559,F,20,Irvine,CA,USA,3,5,2,5,4,8,5,0,0,7,142
560,560,F,30,Redmond,WA,USA,1,1,5,3,4,2,3,0,0,7,150
561,561,M,34,San Diego,CA,USA,0,0,4,7,2,5,1,6,1,7,75
562,562,F,35,Bellevue,WA,USA,0,4,5,5,0,1,2,0,0,2,51
563,563,F,25,San Diego,CA,USA,2,8,6,3,2,3,3,0,0,0,167
564,564,M,35,Seattle,WA,USA,1,0,7,9,3,4,1,1,0,0,163
565,565,M,64,Seattle,WA,USA,0,0,0,0,0,1,0,1,1,0,144
566,566,F,68,San Francisco,CA,USA,1,6,0,1,0,1,0,0,0,0,52
567,567,F,23,Los Angeles,CA,USA,0,9,6,5,0,0,5,0,0,8,159
568,568,M,69,Kent,WA,USA,0,0,1,2,0,2,0,6,2,8,186
569,569,F,24,Bellevue,WA,USA,2,10,4,2,3,10,1,0,0,8,121
570,570,M,40,Bellevue,WA,USA,0,0,3,6,0,7,0,3,0,8,114
571,571,M,20,San Diego,CA,USA,2,0,3,2,0,10,1,0,2,8,97
572,572,M,25,San Diego,CA,USA,0,0,5,1,1,10,0,4,3,8,286
573,573,F,60,Seattle,WA,USA,3,3,0,1,0,2,0,0,0,8,190
574,574,M,54,San Jose,CA,USA,0,3,0,0,0,0,0,0,0,8,275
575,575,M,37,Issaquah,WA,USA,3,0,2,5,1,9,0,3,0,8,66
576,576,M,48,San Diego,CA,USA,3,0,0,4,0,4,0,3,0,8,272
577,577,M,67,Seattle,WA,USA,3,0,1,0,0,2,0,9,4,8,10
578,578,M,34,San Diego,CA,USA,3,0,5,1,1,5,0,4,2,8,217
579,579,F,28,Seattle,WA,USA,3,6,5,2,2,6,4,0,0,5,291
580,580,M,47,San Jose,CA,USA,4,0,3,10,0,5,0,2,0,5,201
581,581,F,42,Issaquah,WA,USA,2,4,0,3,0,3,0,0,0,8,166
582,582,M,48,San Francisco,CA,USA,3,0,2,5,0,3,0,0,4,8,107
583,583,M,31,Bellevue,WA,USA,2,0,6,3,1,8,1,9,3,8,270
584,584,M,66,Los Angeles,CA,USA,1,0,0,2,0,1,0,0,4,8,126
585,585,M,28,San Francisco,CA,USA,2,0,2,1,0,3,1,0,2,8,245
586,586,M,66,Kent,WA,USA,1,0,1,3,0,2,0,4,4,8,10
587,587,F,36,San Francisco,CA,USA,0,9,0,0,2,0,4,0,0,4,11
588,588,M,47,Los Angeles,CA,USA,1,0,3,0,0,5,0,7,0,4,201
589,589,M,44,Seattle,WA,USA,1,0,0,8,0,10,0,3,0,4,95
590,590,M,20,Seattle,WA,USA,3,0,4,9,1,8,1,9,1,4,205
591,591,M,56,Los Angeles,CA,USA,0,0,0,0,0,0,0,9,0,4,250
592,592,M,54,San Francisco,CA,USA,0,0,0,0,0,0,0,9,0,4,18
593,593,F,48,Issaquah,WA,USA,2,0,0,2,3,1,0,0,0,6,227
594,594,M,43,Kent,WA,USA,5,0,0,6,0,7,0,7,4,6,38
595,595,F,25,San Diego,CA,USA,3,1,3,3,4,6,3,0,0,8,8
596,596,F,30,Redmond,WA,USA,2,2,6,7,4,4,6,0,0,6,150
597,597,M,41,Seattle,WA,USA,0,0,3,3,0,2,0,2,1,6,225
598,598,M,65,Issaquah,WA,USA,2,0,1,5,0,0,0,3,3,6,85
599,599,F,41,Irvine,CA,USA,2,5,2,1,3,2,0,0,0,1,236
600,600,M,26,Redmond,WA,USA,0,0,8,2,1,10,0,1,2,1,105
601,601,F,34,San Diego,CA,USA,2,6,6,2,4,9,3,0,0,7,214
602,602,M,65,Issaquah,WA,USA,2,0,1,0,0,1,0,3,3,7,85
603,603,F,22,San Francisco,CA,USA,2,1,7,4,0,5,2,0,0,3,42
604,604,F,57,Irvine,CA,USA,0,1,0,0,0,0,0,0,0,4,208
605,605,F,42,Seattle,WA,USA,3,1,0,4,1,4,0,0,0,0,116
606,606,M,27,Irvine,CA,USA,3,0,1,8,2,0,0,2,2,0,184
607,607,M,35,Irvine,CA,USA,1,0,6,4,1,2,0,0,3,0,29
608,608,F,61,San Jose,CA,USA,1,1,0,2,0,1,0,0,0,7,113
609,609,M,50,Bellevue,WA,USA,0,1,0,0,0,0,0,0,0,7,130
610,610,M,36,Seattle,WA,USA,0,0,4,1,1,0,0,10,1,7,216
611,611,M,30,San Jose,CA,USA,1,0,0,8,3,3,1,2,0,7,122
612,612,M,33,Los Angeles,CA,USA,2,0,8,7,0,8,0,10,2,7,45
613,613,F,22,San Francisco,CA,USA,1,6,6,7,4,5,4,0,0,7,142
614,614,M,24,Los Angeles,CA,USA,2,0,3,5,2,4,1,2,1,7,119
615,615,M,37,Kent,WA,USA,1,0,6,2,1,0,1,3,0,7,216
616,616,M,64,San Francisco,CA,USA,1,0,0,1,0,0,0,10,0,7,232
617,617,M,38,Issaquah,WA,USA,2,0,6,1,0,10,1,8,1,7,216
618,618,M,34,Bellevue,WA,USA,0,0,1,8,2,3,0,2,3,7,30
619,619,F,49,Bellevue,WA,USA,1,6,1,4,3,0,0,0,0,7,69
620,620,M,69,Irvine,CA,USA,0,0,1,0,0,2,0,0,3,7,224
621,621,M,27,San Jose,CA,USA,2,0,5,0,2,7,1,3,2,7,60
622,622,M,33,San Francisco,CA,USA,1,0,1,8,1,8,1,3,1,7,135
623,623,M,53,Seattle,WA,USA,0,0,0,0,0,0,0,3,0,7,50
624,624,M,43,San Diego,CA,USA,1,0,2,9,0,5,0,2,1,7,4
625,625,M,61,Redmond,WA,USA,3,0,0,4,0,0,0,3,0,7,169
626,626,M,66,San Francisco,CA,USA,1,0,0,4,0,1,0,5,1,7,232
627,627,M,57,Irvine,CA,USA,0,0,0,0,0,0,0,5,0,7,127
628,628,F,46,Seattle,WA,USA,1,5,1,0,3,2,0,0,0,0,77
629,629,F,44,San Jose,CA,USA,0,8,1,4,3,2,0,0,0,8,279
630,630,F,64,San Jose,CA,USA,2,0,0,0,0,0,0,0,0,3,173
631,631,M,62,San Diego,CA,USA,0,0,0,4,0,0,0,8,4,3,179
632,632,F,21,San Diego,CA,USA,1,7,4,9,3,3,0,0,0,6,142
633,633,M,55,San Jose,CA,USA,0,7,0,0,0,0,0,0,0,6,83
634,634,M,44,Los Angeles,CA,USA,2,0,0,5,0,8,0,6,0,6,145
635,635,F,27,Los Angeles,CA,USA,3,10,1,8,4,3,7,0,0,5,60
636,636,F,50,San Jose,CA,USA,0,10,0,0,0,0,0,0,0,4,12
637,637,M,64,Bellevue,WA,USA,4,0,1,0,0,0,0,3,3,4,173
638,638,M,69,San Diego,CA,USA,2,0,1,3,0,1,0,0,4,4,274
639,639,M,45,Redmond,WA,USA,2,0,1,6,0,2,0,10,4,4,174
640,640,F,30,San Jose,CA,USA,3,4,1,2,4,6,7,0,0,5,263
641,641,M,21,Los Angeles,CA,USA,1,0,7,4,0,5,1,0,3,5,78
642,642,F,48,San Francisco,CA,USA,2,7,0,5,0,3,0,0,0,7,107
643,643,M,60,San Diego,CA,USA,1,0,0,1,0,0,0,4,4,7,284
644,644,F,55,Issaquah,WA,USA,0,0,0,0,0,0,0,4,0,2,108
645,645,M,37,Redmond,WA,USA,1,0,0,3,0,0,1,1,2,2,268
646,646,M,34,Seattle,WA,USA,2,0,5,4,0,8,1,4,0,2,163
647,647,F,62,Kent,WA,USA,0,6,0,2,0,0,0,0,0,0,269
648,648,F,54,Redmond,WA,USA,0,6,0,0,0,0,0,0,0,4,96
649,649,M,51,Irvine,CA,USA,0,6,0,0,0,0,0,0,0,4,81
650,650,M,31,Kent,WA,USA,0,0,8,2,1,6,0,9,0,4,64
651,651,F,41,San Francisco,CA,USA,2,8,2,2,0,3,0,0,0,3,61
652,652,M,29,Issaquah,WA,USA,1,0,1,2,3,5,1,10,2,3,243
653,653,M,51,Kent,WA,USA,0,0,0,0,0,0,0,10,0,3,56
654,654,M,31,San Francisco,CA,USA,1,0,6,0,0,10,1,0,1,3,148
655,655,M,20,Kent,WA,USA,1,0,5,3,2,2,1,1,3,3,33
656,656,M,22,Seattle,WA,USA,0,0,8,5,1,1,0,3,2,3,254
657,657,M,32,Issaquah,WA,USA,3,0,7,5,0,10,0,4,2,3,266
658,658,M,42,San Jose,CA,USA,4,0,0,6,0,5,0,10,0,3,136
659,659,F,48,Kent,WA,USA,1,3,0,3,0,1,0,0,0,6,227
660,660,F,46,San Jose,CA,USA,2,3,0,0,0,3,0,0,0,8,219
661,661,F,46,Los Angeles,CA,USA,0,2,2,0,3,0,0,0,0,2,233
662,662,F,32,San Jose,CA,USA,0,10,1,3,1,2,0,0,0,5,241
663,663,F,31,San Diego,CA,USA,3,10,6,2,2,0,7,0,0,9,296
664,664,M,50,San Diego,CA,USA,0,10,0,0,0,0,0,0,0,9,272
665,665,F,44,Redmond,WA,USA,1,0,0,0,1,2,0,0,0,3,95
666,666,M,56,Bellevue,WA,USA,0,0,0,0,0,0,0,0,0,3,141
667,667,F,37,Redmond,WA,USA,3,10,5,4,1,10,3,0,0,6,13
668,668,F,61,Redmond,WA,USA,3,5,0,2,0,2,0,0,0,0,106
669,669,F,59,Irvine,CA,USA,0,5,0,0,0,0,0,0,0,5,134
670,670,M,21,San Jose,CA,USA,0,0,8,9,0,7,0,10,3,5,78
671,671,M,53,Issaquah,WA,USA,0,0,0,0,0,0,0,10,0,5,151
672,672,M,26,Irvine,CA,USA,1,0,5,2,2,5,0,5,1,5,213
673,673,F,49,San Francisco,CA,USA,3,2,1,0,1,4,0,0,0,1,206
674,674,F,66,San Jose,CA,USA,0,6,0,0,0,1,0,0,0,0,7
675,675,M,26,San Francisco,CA,USA,1,0,8,10,0,10,1,10,2,0,102
676,676,M,41,Redmond,WA,USA,5,0,1,7,0,5,0,5,0,0,149
677,677,M,64,Redmond,WA,USA,1,0,1,5,0,0,0,9,0,0,144
678,678,F,38,Issaquah,WA,USA,0,3,5,1,2,5,3,0,0,3,74
679,679,F,25,San Jose,CA,USA,3,6,3,1,1,3,0,0,0,8,8
680,680,F,65,San Francisco,CA,USA,2,0,0,0,0,1,0,0,0,8,185
681,681,F,68,Seattle,WA,USA,2,7,0,2,0,2,0,0,0,5,152
682,682,M,40,Bellevue,WA,USA,1,0,2,3,0,0,0,10,1,5,198
683,683,F,65,San Francisco,CA,USA,3,4,0,0,0,2,0,0,0,4,32
684,684,F,51,Redmond,WA,USA,0,4,0,0,0,0,0,0,0,6,130
685,685,F,38,Los Angeles,CA,USA,0,9,2,2,4,1,2,0,0,3,240
686,686,M,22,Los Angeles,CA,USA,1,0,1,1,2,4,1,7,2,3,3
687,687,F,60,San Francisco,CA,USA,3,4,0,0,0,2,0,0,0,5,212
688,688,M,48,Redmond,WA,USA,3,0,2,9,0,5,0,2,0,5,26
689,689,M,47,Los Angeles,CA,USA,0,0,1,3,0,8,0,2,0,5,201
690,690,M,68,San Diego,CA,USA,3,0,0,5,0,1,0,6,1,5,274
691,691,F,23,Irvine,CA,USA,0,8,7,3,1,1,6,0,0,8,159
692,692,M,54,San Jose,CA,USA,0,8,0,0,0,0,0,0,0,8,275
693,693,F,68,Bellevue,WA,USA,2,2,0,2,0,1,0,0,0,0,52
694,694,F,44,Los Angeles,CA,USA,2,7,2,1,2,2,0,0,0,8,279
695,695,M,59,Issaquah,WA,USA,0,7,0,0,0,0,0,0,0,8,68
696,696,M,35,San Jose,CA,USA,2,0,2,8,0,1,1,7,1,8,217
697,697,M,45,San Diego,CA,USA,1,0,1,5,0,5,0,10,0,8,187
698,698,F,43,Los Angeles,CA,USA,1,8,1,5,3,0,0,0,0,1,58
699,699,F,30,Bellevue,WA,USA,3,10,4,5,4,9,5,0,0,2,54
700,700,F,68,San Diego,CA,USA,2,1,0,2,0,0,0,0,0,9,196
701,701,M,60,Redmond,WA,USA,1,0,0,1,0,0,0,1,3,9,68
702,702,F,27,Issaquah,WA,USA,3,0,0,3,0,6,5,0,0,6,139
703,703,F,23,Bellevue,WA,USA,2,3,0,5,3,7,0,0,0,2,59
704,704,F,62,San Francisco,CA,USA,1,1,0,0,0,2,0,0,0,1,189
705,705,M,27,Bellevue,WA,USA,3,0,0,10,0,6,0,7,1,1,105
706,706,M,41,Bellevue,WA,USA,5,0,2,10,0,10,0,7,4,1,172
707,707,M,42,Bellevue,WA,USA,4,0,2,7,0,10,0,6,0,1,172
708,708,F,21,Bellevue,WA,USA,2,2,4,7,4,9,0,0,0,1,63
709,709,M,24,Redmond,WA,USA,2,0,8,5,0,5,0,2,0,1,143
710,710,F,67,San Diego,CA,USA,1,3,0,2,0,0,0,0,0,6,40
711,711,M,43,Kent,WA,USA,4,0,2,4,0,2,0,5,1,6,38
712,712,F,23,Irvine,CA,USA,2,7,2,3,4,9,7,0,0,2,3
713,713,M,58,Irvine,CA,USA,0,7,0,0,0,0,0,0,0,2,73
714,714,M,37,San Jose,CA,USA,2,0,2,3,0,6,0,6,2,2,146
715,715,F,29,Irvine,CA,USA,3,5,4,8,4,4,2,0,0,6,131
716,716,M,62,Kent,WA,USA,1,0,0,5,0,1,0,5,1,6,2
717,717,M,57,Irvine,CA,USA,0,0,0,0,0,0,0,5,0,6,127
718,718,F,52,Los Angeles,CA,USA,0,0,0,0,0,0,0,5,0,8,259
719,719,F,57,Redmond,WA,USA,0,0,0,0,0,0,0,5,0,8,176
720,720,M,45,Seattle,WA,USA,3,0,0,8,0,5,0,5,1,8,99
721,721,F,27,Seattle,WA,USA,3,6,1,6,0,5,5,0,0,1,289
722,722,M,24,Seattle,WA,USA,0,0,7,2,0,9,0,3,1,1,143
723,723,M,25,Los Angeles,CA,USA,2,0,0,9,1,2,1,3,2,1,102
724,724,F,66,Kent,WA,USA,3,6,0,1,0,2,0,0,0,9,267
725,725,F,64,Seattle,WA,USA,1,5,0,2,0,0,0,0,0,1,24
726,726,M,33,Kent,WA,USA,0,0,4,4,1,4,1,1,3,1,101
727,727,F,50,Redmond,WA,USA,0,0,0,0,0,0,0,1,0,3,220
728,728,M,55,Issaquah,WA,USA,0,0,0,0,0,0,0,1,0,3,141
729,729,M,34,Kent,WA,USA,1,0,7,0,1,4,1,0,3,3,162
730,730,M,23,Irvine,CA,USA,1,0,7,3,1,5,0,2,3,3,3
731,731,F,62,San Francisco,CA,USA,0,1,0,1,0,1,0,0,0,1,189
732,732,M,55,Seattle,WA,USA,0,1,0,0,0,0,0,0,0,1,108
733,733,F,52,Redmond,WA,USA,0,1,0,0,0,0,0,0,0,9,124
734,734,M,46,San Francisco,CA,USA,5,0,3,6,0,6,0,4,3,9,67
735,735,F,66,Bellevue,WA,USA,2,6,0,2,0,0,0,0,0,7,82
736,736,F,47,San Francisco,CA,USA,3,3,2,1,3,0,0,0,0,9,262
737,737,M,34,San Francisco,CA,USA,1,0,1,2,1,4,1,10,0,9,217
738,738,F,59,Redmond,WA,USA,0,0,0,0,0,0,0,10,0,5,62
739,739,F,51,Irvine,CA,USA,0,0,0,0,0,0,0,10,0,9,259
740,740,F,39,Issaquah,WA,USA,2,5,0,3,2,5,6,0,0,4,74
741,741,F,57,San Diego,CA,USA,0,5,0,0,0,0,0,0,0,1,200
742,742,F,65,Los Angeles,CA,USA,0,2,0,2,0,1,0,0,0,9,46
743,743,F,63,Irvine,CA,USA,1,2,0,0,0,0,0,0,0,1,189
744,744,M,27,Redmond,WA,USA,1,0,2,1,3,10,1,4,0,1,105
745,745,M,57,Irvine,CA,USA,0,0,0,0,0,0,0,4,0,1,73
746,746,M,34,Bellevue,WA,USA,1,0,2,6,2,9,0,9,2,1,163
747,747,M,28,Irvine,CA,USA,1,0,6,7,3,3,0,1,0,1,184
748,748,M,46,San Jose,CA,USA,4,0,1,0,0,8,0,3,1,1,171
749,749,M,25,Issaquah,WA,USA,3,0,4,3,2,3,1,10,0,1,143
750,750,F,46,San Francisco,CA,USA,1,4,0,5,2,3,0,0,0,6,49
751,751,F,30,Redmond,WA,USA,1,3,7,6,2,6,2,0,0,8,150
752,752,M,27,Issaquah,WA,USA,1,0,7,8,0,8,0,5,0,8,245
753,753,M,21,Los Angeles,CA,USA,3,0,0,6,0,6,1,9,2,8,97
754,754,M,38,San Francisco,CA,USA,2,0,3,6,1,3,0,10,2,8,71
755,755,F,63,Issaquah,WA,USA,3,2,0,1,0,0,0,0,0,2,117
756,756,F,41,Redmond,WA,USA,2,1,2,0,0,1,0,0,0,4,140
757,757,M,28,Bellevue,WA,USA,0,0,1,2,2,2,1,0,0,4,170
758,758,F,50,Los Angeles,CA,USA,0,0,0,0,0,0,0,0,0,5,12
759,759,F,43,San Jose,CA,USA,2,6,2,5,2,2,0,0,0,7,4
760,760,M,51,Irvine,CA,USA,0,6,0,0,0,0,0,0,0,7,147
761,761,M,31,Los Angeles,CA,USA,3,0,3,1,1,1,1,8,0,7,122
762,762,M,46,Los Angeles,CA,USA,2,0,3,2,0,9,0,10,1,7,145
763,763,M,40,Issaquah,WA,USA,4,0,3,10,0,3,0,7,3,7,114
764,764,F,41,Irvine,CA,USA,1,5,1,0,3,1,0,0,0,4,61
765,765,F,59,Irvine,CA,USA,0,5,0,0,0,0,0,0,0,1,55
766,766,F,34,Kent,WA,USA,2,3,6,5,3,6,2,0,0,6,109
767,767,M,66,Irvine,CA,USA,3,0,0,2,0,0,0,6,0,6,181
768,768,M,32,San Jose,CA,USA,2,0,3,10,0,10,0,4,3,6,241
769,769,F,43,Kent,WA,USA,2,0,1,0,0,1,0,0,0,7,166
770,770,F,46,San Jose,CA,USA,2,6,0,2,0,3,0,0,0,5,49
771,771,M,44,Irvine,CA,USA,4,0,2,2,0,8,0,1,3,5,133
772,772,M,52,Bellevue,WA,USA,0,0,0,0,0,0,0,1,0,5,188
773,773,M,27,Seattle,WA,USA,2,0,1,2,0,1,0,1,0,5,139
774,774,F,38,Los Angeles,CA,USA,1,6,0,4,0,5,2,0,0,1,47
775,775,F,35,Kent,WA,USA,1,2,2,9,1,7,2,0,0,9,160
776,776,F,44,Redmond,WA,USA,3,4,2,2,0,0,0,0,0,9,290
777,777,M,60,Bellevue,WA,USA,2,0,0,1,0,0,0,2,1,9,68
778,778,F,44,Seattle,WA,USA,1,6,0,0,3,2,0,0,0,6,89
779,779,M,61,Issaquah,WA,USA,4,0,0,0,0,0,0,7,3,6,2
780,780,F,21,Bellevue,WA,USA,3,3,6,6,2,6,1,0,0,4,164
781,781,F,36,Los Angeles,CA,USA,3,6,0,4,4,7,1,0,0,0,138
782,782,F,67,San Francisco,CA,USA,3,2,0,2,0,1,0,0,0,7,222
783,783,M,41,San Diego,CA,USA,3,0,2,4,0,10,0,2,4,7,34
784,784,F,66,Issaquah,WA,USA,3,3,0,2,0,2,0,0,0,6,82
785,785,F,48,Kent,WA,USA,3,4,1,1,2,3,0,0,0,8,17
786,786,M,27,San Diego,CA,USA,2,0,1,1,3,6,0,1,1,8,245
787,787,F,61,Seattle,WA,USA,3,1,0,1,0,2,0,0,0,2,117
788,788,F,60,Issaquah,WA,USA,3,6,0,2,0,0,0,0,0,1,175
789,789,M,26,San Francisco,CA,USA,0,0,5,4,2,1,1,3,1,1,102
790,790,F,43,Issaquah,WA,USA,3,6,0,5,3,0,0,0,0,7,166
791,791,F,60,Bellevue,WA,USA,1,5,0,1,0,0,0,0,0,9,190
792,792,F,34,San Jose,CA,USA,1,3,5,10,3,9,6,0,0,0,29
793,793,M,68,San Francisco,CA,USA,2,0,0,2,0,0,0,0,2,0,52
794,794,F,24,San Diego,CA,USA,0,1,7,3,2,6,2,0,0,5,154
795,795,M,29,Issaquah,WA,USA,0,0,7,3,3,3,0,3,1,5,115
796,796,M,22,Seattle,WA,USA,2,0,4,9,0,6,0,0,1,5,33
797,797,M,65,Los Angeles,CA,USA,2,0,0,0,0,1,0,9,3,5,235
798,798,F,49,Bellevue,WA,USA,1,0,1,2,0,1,0,0,0,0,239
799,799,M,54,Seattle,WA,USA,0,0,0,0,0,0,0,0,0,0,218
800,800,M,38,Redmond,WA,USA,0,0,2,3,0,8,0,4,1,0,281
801,801,F,53,Irvine,CA,USA,0,0,0,0,0,0,0,4,0,9,28
802,802,M,22,Seattle,WA,USA,0,0,4,6,0,8,0,7,3,9,203
803,803,M,56,San Jose,CA,USA,0,0,0,0,0,0,0,7,0,9,158
804,804,M,20,Los Angeles,CA,USA,0,0,5,7,0,8,1,8,1,9,97
805,805,M,37,Kent,WA,USA,2,0,7,4,3,0,0,9,3,9,180
806,806,F,23,Los Angeles,CA,USA,1,1,0,10,2,1,2,0,0,4,154
807,807,M,62,Los Angeles,CA,USA,4,0,0,2,0,1,0,4,0,4,252
808,808,F,36,San Jose,CA,USA,1,0,7,1,1,1,1,0,0,0,138
809,809,F,54,San Jose,CA,USA,0,0,0,0,0,0,0,0,0,7,177
810,810,F,65,San Francisco,CA,USA,3,0,0,1,0,2,0,0,0,9,185
811,811,M,55,San Jose,CA,USA,0,0,0,0,0,0,0,0,0,9,158
812,812,M,46,Los Angeles,CA,USA,2,0,3,1,0,7,0,2,4,9,67
813,813,M,37,Seattle,WA,USA,3,0,3,3,2,2,1,10,1,9,180
814,814,M,61,Bellevue,WA,USA,3,0,0,4,0,0,0,7,1,9,68
815,815,F,29,San Francisco,CA,USA,0,8,6,2,1,4,0,0,0,7,131
816,816,M,45,Bellevue,WA,USA,0,0,2,10,0,10,0,8,1,7,256
817,817,M,30,San Jose,CA,USA,2,0,2,9,1,8,0,0,3,7,122
818,818,F,30,Seattle,WA,USA,3,3,2,4,4,10,2,0,0,6,150
819,819,F,40,Los Angeles,CA,USA,3,6,0,4,1,0,0,0,0,9,202
820,820,M,64,Los Angeles,CA,USA,2,0,1,2,0,2,0,6,4,9,46
821,821,F,34,Issaquah,WA,USA,2,2,4,6,3,7,2,0,0,6,109
822,822,M,68,San Francisco,CA,USA,0,0,1,0,0,0,0,8,1,6,222
823,823,M,20,San Diego,CA,USA,0,0,1,7,1,10,0,9,1,6,78
824,824,F,59,Issaquah,WA,USA,0,0,0,0,0,0,0,9,0,4,110
825,825,F,37,San Francisco,CA,USA,3,9,2,3,4,6,5,0,0,1,47
826,826,F,41,Los Angeles,CA,USA,0,5,1,2,1,0,0,0,0,9,92
827,827,F,62,Kent,WA,USA,0,2,0,0,0,2,0,0,0,6,43
828,828,M,34,San Francisco,CA,USA,0,0,8,9,2,9,0,1,3,6,135
829,829,M,31,Seattle,WA,USA,0,0,4,6,1,2,1,9,2,6,115
830,830,M,35,San Diego,CA,USA,1,0,0,9,0,7,0,6,0,6,75
831,831,M,47,Redmond,WA,USA,5,0,0,10,0,10,0,7,1,6,26
832,832,M,42,Los Angeles,CA,USA,0,0,3,6,0,8,0,7,3,6,197
833,833,M,39,San Francisco,CA,USA,2,0,1,2,2,0,0,1,0,6,230
834,834,F,58,Issaquah,WA,USA,0,0,0,0,0,0,0,1,0,2,80
835,835,M,43,Kent,WA,USA,0,0,2,6,0,3,0,10,2,2,5
836,836,F,27,Irvine,CA,USA,1,8,7,5,0,2,0,0,0,7,215
837,837,F,29,Kent,WA,USA,2,4,4,9,2,9,1,0,0,7,90
838,838,M,46,Los Angeles,CA,USA,4,0,0,9,0,1,0,2,3,7,145
839,839,F,64,Los Angeles,CA,USA,2,4,0,2,0,0,0,0,0,6,235
840,840,M,46,Seattle,WA,USA,1,0,0,8,0,6,0,8,3,6,26
841,841,M,62,Bellevue,WA,USA,3,0,1,5,0,2,0,7,1,6,2
842,842,F,39,Irvine,CA,USA,2,7,1,10,3,5,0,0,0,6,271
843,843,F,40,Bellevue,WA,USA,1,0,0,5,2,4,0,0,0,4,140
844,844,M,38,Irvine,CA,USA,0,0,8,10,3,5,1,10,0,4,120
845,845,M,56,Bellevue,WA,USA,0,0,0,0,0,0,0,10,0,4,141
846,846,F,41,Issaquah,WA,USA,0,1,0,4,3,0,0,0,0,0,76
847,847,F,28,Los Angeles,CA,USA,1,3,5,8,0,10,7,0,0,8,111
848,848,M,61,Redmond,WA,USA,1,0,0,2,0,2,0,10,0,8,169
849,849,F,44,Bellevue,WA,USA,1,8,2,1,3,2,0,0,0,0,228
850,850,M,59,Irvine,CA,USA,0,8,0,0,0,0,0,0,0,0,55
851,851,F,47,Seattle,WA,USA,3,4,1,1,0,4,0,0,0,3,87
852,852,F,40,San Diego,CA,USA,1,3,0,3,0,0,0,0,0,9,202
853,853,M,27,Los Angeles,CA,USA,3,0,8,3,3,4,0,1,1,9,111
854,854,F,50,Los Angeles,CA,USA,0,0,0,0,0,0,0,1,0,5,12
855,855,F,45,Irvine,CA,USA,1,0,0,2,3,2,0,0,0,4,49
856,856,F,40,Irvine,CA,USA,0,0,1,3,1,2,0,0,0,0,236
857,857,M,43,Los Angeles,CA,USA,3,0,3,3,0,3,0,0,0,0,58
858,858,F,65,Redmond,WA,USA,0,3,0,1,0,2,0,0,0,3,65
859,859,F,38,Kent,WA,USA,1,4,3,9,4,2,1,0,0,3,125
860,860,F,68,San Diego,CA,USA,0,4,0,2,0,0,0,0,0,6,40
861,861,M,34,San Diego,CA,USA,3,0,6,1,0,2,0,6,3,6,75
862,862,M,60,Redmond,WA,USA,4,0,1,0,0,1,0,0,3,6,169
863,863,F,65,Los Angeles,CA,USA,3,5,0,0,0,0,0,0,0,9,46
864,864,F,56,San Diego,CA,USA,0,5,0,0,0,0,0,0,0,8,6
865,865,M,47,Irvine,CA,USA,1,0,3,8,0,7,0,1,4,8,182
866,866,F,51,Seattle,WA,USA,0,0,0,0,0,0,0,1,0,2,56
867,867,M,57,Kent,WA,USA,0,0,0,0,0,0,0,1,0,2,123
868,868,M,53,Redmond,WA,USA,0,0,0,0,0,0,0,1,0,2,199
869,869,M,65,Bellevue,WA,USA,1,0,0,1,0,0,0,6,1,2,153
870,870,F,69,Issaquah,WA,USA,2,5,0,2,0,1,0,0,0,1,72
871,871,M,34,Bellevue,WA,USA,3,0,6,4,1,8,0,7,2,1,163
872,872,M,27,Seattle,WA,USA,3,0,1,2,0,4,1,7,0,1,21
873,873,M,63,Issaquah,WA,USA,0,0,0,2,0,2,0,7,3,1,144
874,874,F,54,San Diego,CA,USA,0,0,0,0,0,0,0,7,0,5,193
875,875,F,29,Los Angeles,CA,USA,1,4,3,8,0,4,2,0,0,8,48
876,876,M,64,Bellevue,WA,USA,4,0,1,4,0,0,0,0,1,8,168
877,877,F,44,Seattle,WA,USA,2,0,2,4,3,1,0,0,0,0,228
878,878,F,33,Bellevue,WA,USA,1,10,7,10,2,0,3,0,0,8,23
879,879,F,69,Seattle,WA,USA,0,7,0,2,0,2,0,0,0,4,152
880,880,F,53,Bellevue,WA,USA,0,7,0,0,0,0,0,0,0,6,238
881,881,F,44,Irvine,CA,USA,2,0,1,1,3,0,0,0,0,3,293
882,882,M,53,Irvine,CA,USA,0,0,0,0,0,0,0,0,0,3,100
883,883,M,67,Irvine,CA,USA,2,0,1,0,0,2,0,3,0,3,246
884,884,M,46,San Francisco,CA,USA,5,0,0,2,0,8,0,2,4,3,195
885,885,F,30,San Jose,CA,USA,1,3,4,10,1,9,1,0,0,6,263
886,886,M,49,Irvine,CA,USA,3,0,2,9,0,10,0,5,3,6,299
887,887,M,56,Redmond,WA,USA,0,0,0,0,0,0,0,5,0,6,44
888,888,F,27,San Jose,CA,USA,2,8,2,0,3,10,5,0,0,9,91
889,889,M,63,Kent,WA,USA,2,0,0,4,0,2,0,8,0,9,168
890,890,F,24,Kent,WA,USA,1,0,3,5,0,2,6,0,0,2,59
891,891,M,30,Redmond,WA,USA,3,0,2,3,3,2,1,8,2,2,54
892,892,F,24,Issaquah,WA,USA,1,6,3,5,2,5,1,0,0,2,59
893,893,F,52,Irvine,CA,USA,0,6,0,0,0,0,0,0,0,1,0
894,894,F,32,Issaquah,WA,USA,2,10,0,6,2,3,1,0,0,1,101
895,895,M,26,Kent,WA,USA,2,0,7,5,1,8,1,3,1,1,278
896,896,F,49,San Jose,CA,USA,2,7,1,5,0,3,0,0,0,6,299
897,897,F,43,San Francisco,CA,USA,0,6,1,3,0,0,0,0,0,5,192
898,898,M,20,San Jose,CA,USA,3,0,0,8,1,4,0,8,1,5,78
899,899,F,66,Kent,WA,USA,2,0,0,1,0,1,0,0,0,3,65
900,900,M,20,Los Angeles,CA,USA,2,0,8,4,3,0,0,9,2,3,277
901,901,F,24,Redmond,WA,USA,0,5,0,2,0,0,2,0,0,2,59
902,902,M,41,Los Angeles,CA,USA,1,0,3,9,0,4,0,5,3,2,35
903,903,M,40,Los Angeles,CA,USA,3,0,1,2,0,3,0,4,2,2,35
904,904,M,51,Redmond,WA,USA,0,0,0,0,0,0,0,4,0,2,56
905,905,M,47,San Francisco,CA,USA,4,0,3,2,0,0,0,4,4,2,195
906,906,M,54,San Francisco,CA,USA,0,0,0,0,0,0,0,4,0,2,194
907,907,M,21,Irvine,CA,USA,3,0,3,6,1,6,1,8,2,2,277
908,908,F,61,San Diego,CA,USA,1,3,0,0,0,1,0,0,0,4,132
909,909,M,47,Bellevue,WA,USA,5,0,0,2,0,8,0,5,3,4,87
910,910,F,36,Redmond,WA,USA,0,8,1,6,0,5,0,0,0,7,13
911,911,F,62,San Diego,CA,USA,3,5,0,1,0,2,0,0,0,8,36
912,912,M,36,San Francisco,CA,USA,3,0,2,1,0,10,1,10,0,8,112
913,913,M,68,Redmond,WA,USA,4,0,0,2,0,2,0,8,1,8,186
914,914,M,20,Bellevue,WA,USA,0,0,8,3,2,2,0,1,3,8,16
915,915,M,58,San Jose,CA,USA,0,0,0,0,0,0,0,1,0,8,22
916,916,F,26,San Francisco,CA,USA,2,6,1,0,3,4,7,0,0,0,167
917,917,F,30,Irvine,CA,USA,0,8,5,0,2,9,4,0,0,7,131
918,918,F,55,Issaquah,WA,USA,0,8,0,0,0,0,0,0,0,7,44
919,919,F,32,San Jose,CA,USA,2,3,6,6,4,7,3,0,0,6,241
920,920,M,20,Kent,WA,USA,1,0,8,2,3,7,0,5,3,6,205
921,921,M,41,Issaquah,WA,USA,2,0,1,9,0,7,0,6,3,6,225
922,922,F,45,Los Angeles,CA,USA,0,1,0,4,1,3,0,0,0,6,145
923,923,F,59,Los Angeles,CA,USA,0,1,0,0,0,0,0,0,0,1,248
924,924,M,66,San Jose,CA,USA,4,0,0,1,0,1,0,8,0,1,7
925,925,F,62,Kent,WA,USA,1,3,0,0,0,1,0,0,0,2,117
926,926,M,48,San Diego,CA,USA,1,0,0,3,0,9,0,5,4,2,19
927,927,M,58,Irvine,CA,USA,0,0,0,0,0,0,0,5,0,2,73
928,928,M,67,San Jose,CA,USA,3,0,1,1,0,0,0,4,3,2,7
929,929,F,60,Issaquah,WA,USA,0,3,0,0,0,0,0,0,0,2,175
930,930,M,24,San Jose,CA,USA,2,0,7,0,3,10,1,4,2,2,257
931,931,F,30,San Diego,CA,USA,2,0,0,6,4,9,3,0,0,8,48
932,932,F,69,Los Angeles,CA,USA,2,6,0,1,0,0,0,0,0,9,196
933,933,M,53,Los Angeles,CA,USA,0,6,0,0,0,0,0,0,0,9,28
934,934,F,40,Seattle,WA,USA,3,7,0,5,2,3,0,0,0,6,79
935,935,F,40,Redmond,WA,USA,2,2,2,1,2,2,0,0,0,2,280
936,936,F,30,Los Angeles,CA,USA,3,10,5,5,3,4,5,0,0,4,156
937,937,F,27,Los Angeles,CA,USA,3,1,7,5,1,5,0,0,0,8,111
938,938,F,63,Redmond,WA,USA,2,3,0,2,0,2,0,0,0,6,43
939,939,M,67,Kent,WA,USA,1,0,1,1,0,2,0,0,1,6,209
940,940,M,51,Irvine,CA,USA,0,0,0,0,0,0,0,0,0,6,147
941,941,M,35,Los Angeles,CA,USA,2,0,6,4,2,10,0,3,3,6,297
942,942,M,23,San Jose,CA,USA,1,0,6,1,1,2,1,3,1,6,283
943,943,F,53,San Francisco,CA,USA,0,0,0,0,0,0,0,3,0,3,18
944,944,F,69,Los Angeles,CA,USA,2,5,0,2,0,2,0,0,0,0,264
945,945,M,25,Issaquah,WA,USA,1,0,4,3,1,6,0,5,0,0,143
946,946,F,67,Kent,WA,USA,1,6,0,1,0,1,0,0,0,2,65
947,947,F,41,San Jose,CA,USA,3,6,1,4,0,2,0,0,0,7,34
948,948,F,25,Los Angeles,CA,USA,1,1,6,2,1,1,7,0,0,7,8
949,949,F,58,San Francisco,CA,USA,0,1,0,0,0,0,0,0,0,0,200
950,950,M,46,Seattle,WA,USA,2,0,1,3,0,2,0,5,3,0,77
951,951,M,69,Seattle,WA,USA,3,0,1,4,0,0,0,5,3,0,178
952,952,M,32,Seattle,WA,USA,3,0,2,8,0,10,1,3,2,0,242
953,953,M,52,San Diego,CA,USA,0,0,0,0,0,0,0,3,0,0,253
954,954,F,20,Redmond,WA,USA,1,8,1,1,0,1,0,0,0,9,94
955,955,F,34,Los Angeles,CA,USA,3,10,1,2,4,9,7,0,0,7,214
956,956,M,53,San Francisco,CA,USA,0,10,0,0,0,0,0,0,0,7,50
957,957,F,67,Irvine,CA,USA,3,4,0,0,0,2,0,0,0,8,185
958,958,M,25,Redmond,WA,USA,2,0,1,4,1,10,1,1,0,8,231
959,959,F,52,Irvine,CA,USA,0,0,0,0,0,0,0,1,0,8,259
960,960,F,47,Kent,WA,USA,1,7,1,2,2,2,0,0,0,7,17
961,961,F,57,Los Angeles,CA,USA,0,7,0,0,0,0,0,0,0,6,22
962,962,M,35,Seattle,WA,USA,3,0,0,9,3,8,0,10,0,6,30
963,963,F,67,Redmond,WA,USA,0,4,0,1,0,0,0,0,0,2,211
964,964,F,35,Issaquah,WA,USA,2,3,1,5,1,5,7,0,0,6,84
965,965,M,39,Bellevue,WA,USA,1,0,2,9,0,7,1,8,2,6,198
966,966,F,49,San Diego,CA,USA,3,5,1,3,2,1,0,0,0,5,12
967,967,M,47,Seattle,WA,USA,4,0,3,3,0,2,0,6,4,5,26
968,968,F,35,San Francisco,CA,USA,3,9,3,6,1,0,0,0,0,9,160
969,969,M,25,San Diego,CA,USA,1,0,5,1,0,10,1,7,1,9,286
970,970,F,24,San Francisco,CA,USA,3,3,1,8,1,3,6,0,0,6,41
971,971,F,24,Bellevue,WA,USA,3,10,0,6,1,7,1,0,0,1,59
972,972,M,43,Seattle,WA,USA,1,0,2,2,0,8,0,7,1,1,116
973,973,M,53,San Diego,CA,USA,0,0,0,0,0,0,0,7,0,1,253
974,974,M,25,San Diego,CA,USA,0,0,6,7,0,8,0,1,0,1,102
975,975,M,54,Irvine,CA,USA,0,0,0,0,0,0,0,1,0,1,194
976,976,F,65,San Diego,CA,USA,0,5,0,0,0,2,0,0,0,9,46
977,977,M,47,Irvine,CA,USA,3,0,2,0,0,0,0,5,0,9,67
978,978,F,31,Redmond,WA,USA,2,6,7,7,1,2,6,0,0,4,64
979,979,F,27,Bellevue,WA,USA,1,7,0,6,3,9,0,0,0,9,155
980,980,F,68,San Jose,CA,USA,3,5,0,1,0,0,0,0,0,4,295
981,981,F,48,San Francisco,CA,USA,2,0,2,2,3,1,0,0,0,9,262
982,982,M,20,Los Angeles,CA,USA,2,0,8,8,2,2,0,4,1,9,97
983,983,M,67,Los Angeles,CA,USA,3,0,1,3,0,0,0,8,0,9,126
984,984,M,44,Los Angeles,CA,USA,1,0,2,8,0,4,0,8,4,9,187
985,985,F,62,Redmond,WA,USA,3,6,0,0,0,2,0,0,0,1,117
986,986,F,24,San Jose,CA,USA,3,8,7,1,4,6,1,0,0,5,41
987,987,F,63,Bellevue,WA,USA,1,0,0,2,0,0,0,0,0,3,117
988,988,F,66,Redmond,WA,USA,3,2,0,1,0,2,0,0,0,9,267
989,989,M,46,Los Angeles,CA,USA,4,0,1,5,0,5,0,3,3,9,67
990,990,F,54,Los Angeles,CA,USA,0,0,0,0,0,0,0,3,0,5,193
991,991,M,59,Issaquah,WA,USA,0,0,0,0,0,0,0,3,0,5,62
992,992,F,57,Seattle,WA,USA,0,0,0,0,0,0,0,3,0,9,98
993,993,F,24,Seattle,WA,USA,3,3,3,5,4,0,1,0,0,9,121
994,994,F,60,Redmond,WA,USA,2,3,0,0,0,0,0,0,0,1,106
995,995,F,54,San Jose,CA,USA,0,3,0,0,0,0,0,0,0,4,193
996,996,F,35,San Francisco,CA,USA,2,2,3,3,1,3,4,0,0,2,265
997,997,M,43,Issaquah,WA,USA,2,0,1,5,0,7,0,2,3,2,5
998,998,M,52,San Diego,CA,USA,0,0,0,0,0,0,0,2,0,2,100
999,999,F,35,Los Angeles,CA,USA,1,8,1,9,1,4,2,0,0,1,138
